0.8	A brown dog is running through the field.	a brown dog with his tongue wagging as he runs through a field
0.28	Egypt's Muslim Brotherhood Refuses to Back Down	Egyptian court sentences Muslim Brotherhood leader to life in prison
1.0	A man is playing a keyboard.	A man plays a keyboard.
0.12	A man is chopping butter into a container.	A woman is cutting shrimps.
0.88	A squirrel runs around in circles.	A squirrel is moving in circles.
0.84	Person with two ski poles skiing down a snowy hill.	A person skiing down a snowy hill.
0.84	Senate confirms Janet Yellen as chair of US Federal Reserve	US Senate Confirms Janet Yellen as New Central Bank Chief
0.96	A group of horses grazing in a field.	Group of horses grazing in grassy field.
0.28	A man is riding a horse.	A man is driving a car.
0.88	Two boys sit facing one another at a table and one points at the other.	Two people sit facing each other at a table as one points at the other.
1.0	Three dogs pulling a man on a bicycle through the snow.	The dogs are pulling a man on a type of bike, through the snow.
0.88	A dog is jumping over a barrier at a agility competition.	A dog jumping over an obstacle course fence.
0.8	The injured were taken to hospitals in Jefferson City and Columbia, a college town about 30 miles to the north.	The injured were taken to hospitals in Jefferson City and Columbia, about 48km north; their conditions were not immediately available.
0.4	Rev's Early Reads: March 2	Rev.'s Early Reads: Sept. 3rd, 2015
0.7	In the weeks leading up to the execution, several Florida officials received anonymous threatening letters.	Several Florida officials connected to the case have received threatening letters, accompanied by rifle bullets.
0.44	The Note's Must-Reads for Friday May 24, 2013	The Note's Must-Reads for Friday, August 23, 2013
0.2	runs victim down Got any proof?	paranoid Got any proof?
0.28	Philippines holds second senator over corruption	Philippines recovering after powerful typhoon
0.84	A gray cat laying on a brown table.	A grey cat lying on a wooden table.
0.45	The brown train is sitting on the railroad tracks.	The white train is sitting on the tracks.
0.0	No, you don't need to have taken classes or earned a degree in your area.	I have done quite a bit of technical writing for healthcare information systems.
0.4	Russian plane reportedly crashes in Egypt	Pilot killed as US jet crashes in England
0.48	The tech-loaded Nasdaq composite rose 20.96 points to 1595.91, ending at its highest level for 12 months.	The technology-laced Nasdaq Composite Index <.IXIC> climbed 19.11 points, or 1.2 percent, to 1,615.02.
0.52	Syria 'to declare chemical weapons and sign convention'	Russia, Syria Work on 'Concrete' Chemical Weapons Plan
0.44	South Korea Says North Fired Missiles	North Korea launches short-range missiles
0.16	Flash floods kill 58 in eastern Afghanistan	Bomb wounds 16 in eastern Afghanistan
0.56	Two years later, the insurance coverage would begin.	Under the agreement, Medicare coverage for drug benefits would begin in 2006.
0.28	Two boys in black swimming trunks are holding another boy by his arms and legs on a beach.	Man in white shirt flipping young boy in the water with four other boys surrounding them.
0.68	Obama urges decisive action on Europe debt crisis	Obama urges Europe to act quickly on crisis
0.85	A woman is chopping broccoli.	A woman is chopping broccoli with a knife.
0.75	Critics say the law violates civil liberties, something House Judiciary Committee Chairman James Sensenbrenner, R-Wis., says he is sensitive to.	House Judiciary Committee Chairman James Sensenbrenner, R-Wis., says he is sensitive to civil liberties complaints.
0.8	religious extremism continues in pakistan despite the banning of militant groups.	religious extremism continues in pakistan despite the banning of militant groups by the pakistani government.
0.84	Vehicles ablaze in collapsed Japan tunnel	Vehicles 'left burning' as smoke emits from Japan tunnel
0.88	A doctor prescribes medicine to a patient.	A doctor prescribes a medicine.
0.36	A woman is chopping an onion.	A woman is chopping garlic with a knife.
0.64	A guy on a white horse.	A man riding a white horse in an arena.
0.15	A woman is playing in the ocean.	A woman is preparing shrimp to cook.
0.16	China gives US regulators access to audit records	China opposes US arms sales to Taiwan
0.56	Bangladesh Honors Factory Victims	Retailers back Bangladesh factory safety pact
0.76	Pakistan to release most senior Afghan Taliban prisoner	Pakistan to release senior Taliban commander on Saturday
0.08	Algeria president gets therapy after stroke: state media	Bulgarian president tries to break election stalemate
0.6	Artists are worried the plan would harm those who need help most - performers who have a difficult time lining up shows.	The artists say the plan will harm French culture and punish those who need help most - performers who have a hard time lining up work.
0.12	First of all, let me say that there seems to be 3 main traits to casting a spell.	I always thought that Harry seemed to learn from the Half-Blood Prince better than he did from other sources.
0.16	A man is running on a street.	A man plays the guitar.
0.4	I would say you can do it, but it wouldn't be advised.	Personally, I would say not unless it suits you.
0.68	The two Democrats on the five-member FCC panel held a news conference to sway opinion against Powell.	The two Democrats on the five-member FCC held a news conference to sway opinion against Powell and the panel's two other Republicans.
0.88	Asteroid zips between Earth and satellites	Asteroid passes Earth in fly-by
0.68	"The European Union is basically absent," said Tito Barbini, regional minister for agriculture in Tuscany, Italy.	Tito Barbini, a regional minister for agriculture in Tuscany, Italy, criticized the absence Tuesday in Sacramento.
0.65	A boy is playing a key-board.	A boy is sitting in a room playing a piano by lamp light.
0.04	The woman is smoking.	The man is walking.
0.0	A monkey is walking through the water.	A guy is playing a trumpet.
0.1	A woman is sitting on a sidewalk with a cell phone at her ear.	A woman is riding her bicycle.
0.04	Ukrainian President orders 7-day ceasefire in the east	Uganda's President Museveni agrees to sign anti-gays Bill
1.0	You guys are making this all WAAAAAY too complicated.	You are making this too complicated.
0.8	WORLD No. 2 Lleyton Hewitt has accused the Association of Tennis Professionals of malice, including an alleged attempt last year to dupe him into refusing a drug test.	World No.2 Lleyton Hewitt has accused his professional peers of long-standing malice, including an attempt last year to dupe him into refusing a drug test.
0.0	A man is shooting a gun.	A man is spitting.
0.6	Two people walking along the shore at sunset.	Two people walking along the beach at sunset towarn a group of people.
0.96	Blue and red plane in mid-air flight.	a blue and red airplane while in flight.
0.8	Trade newspaper Variety up for sale	Hollywood trade publication Variety put up for sale
0.84	Sly Stallone's Sone Sage Found Dead in LA	Sylvester Stallone's Son Found Dead At Home
0.92	A woman is playing flute.	A woman plays on a flute.
0.0	A boy is cutting paper.	A man is loading a rifle.
0.92	A young woman with a bracelet is wearing a bikini top and jeans.	A woman wearing jeans, a dark bikini top, and a bracelet.
0.28	Ukraine‚Äôs pro-Russia protesters demand greater autonomy	Sudanese protesters demand the regime's ouster
0.8	Mr. Manuel and his group entered the United States by walking across the bridge linking Matamoros and Brownsville.	Manuel and his group entered the US the same way thousands of people do every day, by walking across the bridge between Matamoros and Brownsville.
0.8	Does this page answer your question?	Does this answer your questions?
0.96	The new Cold War	A new Cold War?
0.0	I have no idea why it is voted up, but Rex Kerr's answer begs the question.	It's a tautology, but the mapping between logic and the English-language description is wrong.
0.44	AMD's chip sales jumped 7 percent year-on-year to $402 million.	Second-quarter sales grew 7 percent, to $645 million from $600 million in 2002.
0.92	A woman splits garlic cloves.	A woman is breaking a head of garlic into cloves.
0.76	The man in the backpack looks to his left.	An adult male wearing a backpack walks and looks to the left.
0.96	England captain Andrew Strauss retires from professional cricket	England captain Strauss retires from cricket
0.8	Paper is being cut with scissors.	A piece of paper is being cut.
0.15	A man is playing with frogs	A cat is playing with a camera.
1.0	You are on the right path.	You're on the right path.
0.92	Three die after car crash at Tian'anmen	Three Killed In Crash At Tiananmen Square
0.76	Tropical Storm Karen targets US Gulf Coast	Tropical Storm Karen poised to make landfall
0.48	Gunmen kill 15 Libyan soldiers	Gunmen kill 3 Lebanese troops near Syria
0.8	A black dog stands next to materials at a construction site.	A black dog stands in the middle of a construction site.
0.84	A man is lifting weights.	A man is lifting a barbell.
0.6666	Metropolitan Ambulance spokesman James Howe said five people were taken to hospital and three were treated at the scene after yesterday's incident.	Spokesman James Howe said five children aged between 4 and 17 were taken to hospital with neck and chest injuries, while three others were treated at the scene.
0.75	Agriculture ministers from more than one hundred nations are expected to attend the three-day Ministerial Conference and Expo on Agricultural Science and Technology sponsored by the U.S. Department of Agriculture.	U.S. Agriculture Secretary Ann Veneman kicks off the three-day Ministerial Conference and Expo on Agricultural Science and Technology on Monday.
0.52	Russia 'alone' in blaming Syrian rebels for chemical attack: US	Russia asks UN to consider its inquiry of Syria chemical arms use
0.0	An embolism in a medical context refers to any large moving mass or defect in the blood stream.	Here is an interesting article on wikipedia to give overview of pressure related injuries.
0.12	A man is crying.	A woman is dancing.
0.2	Obama holds out over Syria strikes	UK urges countries over Syria aid
0.4	A woman standing in front of trees and smiling.	A man is walking by trees in front of the city skyline.
0.56	Three women with brown hair are smiling.	Three women in Indian dresses in a crowded room smiling.
0.32	A man is playing a flute in a band.	A man is playing a guitar.
0.0	A girl is eating a cupcake.	A man is slicing a cucumber.
0.92	Detroit eligible for bankruptcy protection: U.S. judge	Detroit eligible for bankruptcy protection
0.68	It calls for the agency to plan an independent safety and engineering organization.	The agency has yet to fully formulate a strategy for the creation of an independent engineering technical authority.
0.84	a woman with a viking hat on.	Smiling woman sitting wearing a viking hat.
0.28	1 person killed in sectarian clashes in Lebanon	Nine killed in Syrian-linked clashes in Lebanon
0.72	the ensuing battle and airstrikes killed at least 10 militants.	an ensuing battle killed at least 10 militants.
0.64	The lady cracked two raw eggs.	The woman is cracking eggs into a bowl.
0.68	Box cutters were used as a weapon by the Sept. 11, 2001, hijackers and have since been banned as carry-on items.	Box cutters were the weapons used by the 19 hijackers in the Sept. 11, 2001, attacks.
0.16	A white airplane is parked on the cement.	A blue motorcycle is parked on the sidewalk.
0.96	Gunmen kill nine foreigners in Pakistan	Gunmen kill nine tourists in Pakistan
0.6	A girl in water without goggles or a swimming cap.	A girl in water, with goggles and swimming cap.
0.9	Druce is still being held at the prison and is now in isolation, she said.	Druce last night was held in isolation at the same prison.
0.4	I said it wasn't a person, in the legal sense.	If it isn't a person, then WTF is it?
0.16	A kitten is drinking milk from a bowl.	A small child is drinking water from a cup.
0.96	Two women contestants are walking their dogs in a dog show.	Two women walk there dogs at a dog show.
0.28	A man is lifting a car.	A man is climbing a wall.
0.85	A cat and a ferret are playing.	A ferret and kitten play together.
0.08	A man is riding on a boat.	A man is tying in the machine.
0.48	The black and brown dog is playing in the yard.	The black and tan dog is chasing something he has spotted.
0.4	Assad meets with Red Cross officials in Syria	Assad makes Red Cross pledge
0.68	All we know is this : Distant objects are receding from us at a rate proportional to their distance from us.	The expansion of space means that objects in cosmological distances are receding away from each other.
0.96	iran lies on a major drug route between afghanistan and europe and the persian gulf states.	iran lies on a major drug trafficking route between afghanistan and europe, as well as the persian gulf states.
0.76	a grey dog swimming through a river with a stick in his mouth	Dog swimming through water carrying stick in its mouth
0.16	Black and white cow standing in grassy field.	A black and white photo of a man standing next to a bus.
0.44	A black dog is running through the snow.	A black pit bull dog is running through the dirt.
0.88	A person is combing a cat hair.	A person is brushing a cat.
0.76	Besides battling its sales slump, Siebel also has been sparring with some investors upset about huge stock option windfalls company managers have pocketed.	Besides a sales slump, Siebel is sparring with some shareholders over management stock option windfalls.
0.36	A man is cutting tomatoes into pieces.	A woman is cutting some vegetables.
0.0	A man is cutting grass.	A clown is singing.
0.72	Ferrer cruises into Australian Open quarter-finals	Ferrer beats Nishikori to advance to Australian Open quarterfinals
0.0	A man is reading an email.	A person opening a banana.
0.52	When studying adult IQ, general adult norms are often used.	Basically, what you do is you compare each age group IQ to the standardization sample.
0.96	A man and dog on a rocky seashore.	Man and dog standing on rocks next to water
0.0	Obama queries Turnbull over China port deal	Spanish bulls gore seven to death
1.0	Egypt court orders release of Mubarak	Egypt court orders Mubarak freed
0.88	Strong new quake hits shattered Pak region	6.8 quake in shattered Pakistan region
0.88	He projected Vanderpool will be available within the next five years.	Products featuring Vanderpool will be released within five years, he said.
0.76	A man is playing a guitar.	A guy is playing an instrument.
0.52	Afghan legislators approve new election law	Afghan president approves new electon law
0.8	Eight bottles of Harp lager lined up on the floor.	Eight bottles of Harp beer lined up on a wooden floor.
0.28	Your worry is a valid one; the reader could be frustrated by this.	I don't believe not knowing a character's name would be confusing unless you make it so.
0.44	It's just a bunch of cells.	I'm "a bunch of cells."
0.32	In midafternoon trading, the Nasdaq composite index was up 8.34, or 0.5 percent, to 1,790.47.	The Nasdaq Composite Index .IXIC dipped 8.59 points, or 0.48 percent, to 1,773.54.
0.8	U.S. orders non-essential staff to leave Sudan, Tunisia	US orders non-essential staff to leave Tunisia, Sudan
0.85	Some men are fighting.	Two men are fighting.
0.25	Three boys in karate costumes are fighting.	Three men are practicing karate moves in a field.
0.76	Russia, China veto UN resolution on Syria endorsing	Russia, China veto U.N. draft backing Arab plan for Syria (Reuters)
0.64	A man and women sitting on a sofa holding a small baby.	a woman sitting on a sofa holding a baby.
0.68	After Hughes refused to rehire Hernandez, he complained to the Equal Employment Opportunity Commission.	Hernandez filed an Equal Employment Opportunity Commission complaint and sued.
0.8	Two different breeds of brown and white dogs play on the beach.	Two dogs playing in the sand at the beach.
0.0	The man talked on the telephone.	Girls are walking on the stage.
0.68	a group of people dancing	A group of men are dancing.
0.6	The broad Standard & Poor's 500 Index <.SPX> advanced 11 points, or 1.25 percent, to 931.	The Standard & Poor's 500 Index gained 10.89, or 1.2 percent, to 931.12 as of 12:01 p.m. in New York.
0.88	Another million barrels, bought by Spanish refiner Cepsa SA, was to be loaded onto a Spanish tanker, the Sandra Tapias.	A Spanish tanker, Sandra Tapias, was to be loaded with another million barrels, bought by Spanish refiner Cepsa SA, in the afternoon.
1.0	A brown dog is jumping.	A brown dog is jumping
0.84	James Murdoch quits BSkyB	James Murdoch quits role at BSkyB
0.28	You are a Christian.	Therefore you are not a Christian.
0.2	Google launches internet-beaming balloons	Google 'are playing international tax game'
0.08	Most people want not only to be WELL off, but to become BETTER off as time goes by.	To start, the main drivers of economic growth are resources, technology, and institutions.
0.68	What the Pope's butler saw – aide arrested over Vatican leaks	Pope’s butler arrested in scandal over Vatican leaks
0.0	Moderate tremor in the Central Mediterranean	Iran: Moderate candidate wins presidential vote
0.1	A man is burning a flag.	A man is shooting a gun.
0.72	Between 1993 and 2002, 142 allegations of sexual assault were reported.	From 1993 to 2002, there were 142 reported sexual assaults at the academy.
0.4	Deputy speaker faces new sex claims	Deputy Speaker Nigel Evans Re-Arrested
0.84	A monkey is brushing a bull dog.	A monkey brushes a dog.
0.56	A group of people sitting around a table containing food.	Four people are sitting around a living room with.snacks.
0.8	Well, I wouldn't put it on my cv.	I wouldn't put this job on my resume.
0.64	IAF strike Gaza terror hubs	IAF strikes Gaza terror cell; 1 dead
0.2	I feel your pain - I absolutely pour with sweat with any vigorous exercise, even in cool conditions.	Sweat rate is sweat rate, you can't really control it.
0.76	India Minister's wife died 'unnatural death' after affair rumours	Minister's wife's death 'unnatural'
0.2	South Korea regrets North's refusal of talks	South Korea reports 14th Mers death, 12 new cases
0.96	council tax Hasn't council tax been frozen for most people?	Hasn't council tax been frozen for most people?
0.6	Couple sailing in a small sailboat.	Two men sailing in a small sailboat.
0.475	A man is cutting up a potato.	A man is cutting up carrots.
0.4	The prices for everything you need have gone up due to inflation.	The prices of everything you own IE assets have gone down.
0.4	Just about anything can be grown indoors without natural sunlight.	We have quite a few people here who have grown peppers and small tomatoes indoors and in pots.
0.68	A group of men playing brass instruments.	A group of guys play instruments outside.
0.8	Four people rowing down a river.	Four people row a canoe in water.
0.92	A black dog running into the water.	A black dog running through water.
0.1	A man is eating wood.	A man is adding oil to car.
0.92	Dogs, he said, are second only to humans in the thoroughness of medical understanding and research.	He said that dogs are second only to humans in terms of being the subject of medical research.
0.5	The Standard Edition is $15,000 per processor or $300 per named user.	The Standard Edition One is a single processor version of the Oracle Standard Edition Database.
0.8	White diamond breaks record in Hong Kong auction	White diamond fetches record $34m at HK auction
0.88	Woman remanded over child's death A woman has been remanded in custody charged with murder after an eight-year-old girl was found dead in a block of flats.	Mother held over daughter's death A mother has been remanded in custody charged with murder after her eight-year-old daughter was found dead in a block of flats.
0.55	A boy is running on a beach.	Two boys are playing in the beach.
0.6	After Freitas' opening statement, King County Superior Court Judge Charles Mertel recessed trial until after the Thanksgiving weekend.	King County Superior Court Judge Charles Mertel will then recess the trial until Monday.
0.68	The tan and white dog is running in the field.	The brown and white dogs run through the field.
0.52	A boy and a girl is dancing in the rain.	A man and woman is dancing in the rain.
0.72	A man wearing black formal wear & a black top hat is riding a white show horse.	A man with a top hat riding a white horse.
0.76	Relatives scuffle with police after China fire kills 120	Angry families demand answers after China plant fire kills 119
0.44	The group is eating while taking in a breathtaking view.	A group of people take a look at an unusual tree.
0.08	A woman in an red tracksuit squeezing lemons in a press.	A young woman in a pink hoodie takes a picture.
0.84	Two large dogs running in some grass.	Two brindle dogs running in the grass.
0.0	A man is traveling in a boat.	A woman is cutting up a carrot with a knife.
0.92	Nobel Prize winning author Doris Lessing dies	Nobel laureate Doris Lessing dies at 94
0.2	I managed to find this recipe, I think this is where I got the idea.	I've only made a couple of bbq sauces, but they've always come out really well.
0.85	Out of touch and completely untrustworthy, however, wouldn't.	Out of touch and untrustworthy?
0.0	Rudd sworn in as new Australian PM	Muslims in hiding as sectarian ...
0.64	Captain Robert Ramsey of the US 1st Armoured Division said a truck had exploded outside the building about 11am, and that one of the compound's outer walls had collapsed.	Captain Robert Ramsey of US 1St Armored Division said a truck had exploded outside the building at around 11 am.
0.92	Children are playing in a swimming pool while two adult men watch them.	Children play in a pool while adults look on.
0.16	No radiation leak at Iran's nuclear plant	US Congress may throw wrench into Iran nuclear deal
0.76	A puppy plays with a plastic container.	The dog is playing with a plastic container.
0.76	Holly Holy We are all vessels filled with many wonders.	Say What You Will We are all vessels filled with many wonders.
0.2	Some of what you can do:	Not much you can do besides:
0.85	Air Canada, the largest airline in Canada and No. 11 in the world, has been under court protection from creditors since April 1.	The No. 11 airline in the world, Air Canada has been under court protection from creditors since April 1.
0.6	Heavy rain raises threat of Christmas Day flooding	Fresh rain brings more flooding
0.0	A close-up, distorted photo of an empty glass Coke bottle.	A close-up picture of a desk with a computer and papers on it.
0.8	A boy climbs a forest hill.	A boy is climbing a hill.
0.0	Yes, there is a reason to not do what you propose.	Yes, there is a chemical difference.
0.88	The two dogs are running on the grass.	Two dogs are playing in the grass.
1.0	Nobel author Doris Lessing dies at 94	Nobel laureate Doris Lessing dies at 94